{"materials":[{"colorDiffuse":[0.014498,0.196209,0.64],"transparent":false,"shading":"lambert","wireframe":false,"depthTest":true,"DbgName":"Material.001","blending":"NormalBlending","DbgColor":15658734,"colorEmissive":[0,0,0],"visible":true,"DbgIndex":0,"colorAmbient":[0.014498,0.196209,0.64],"depthWrite":true,"opacity":1}],"vertices":[-3,-3,3,3,-3,3,-3,3,3,3,3,3,0,1,3,-1,0,3,-2,3,3,-3,2,3,3,2,3,-2,-3,3,-3,-2,3,0,-1,3,2,3,3,1,0,3,3,-2,3,2,-3,3,-3,-3,-3,3,-3,-3,-3,3,-3,3,3,-3,0,1,-3,-1,0,-3,-2,3,-3,-3,2,-3,3,2,-3,-2,-3,-3,-3,-2,-3,0,-1,-3,2,3,-3,1,0,-3,3,-2,-3,2,-3,-3],"faces":[34,0,5,10,0,0,1,2,34,2,7,5,0,3,4,1,34,4,6,2,0,5,6,3,34,3,12,4,0,7,8,5,34,13,8,3,0,9,10,7,34,1,14,13,0,11,12,9,34,11,15,1,0,13,14,11,34,0,9,11,0,0,15,13,34,4,2,5,0,5,3,1,34,0,11,5,0,0,13,1,34,11,1,13,0,13,11,9,34,13,3,4,0,9,7,5,34,11,4,5,0,13,5,1,34,11,13,4,0,13,9,5,34,16,27,25,0,16,17,18,34,17,31,27,0,19,20,17,34,29,30,17,0,21,22,19,34,19,24,29,0,23,24,21,34,20,28,19,0,25,26,23,34,18,22,20,0,27,28,25,34,21,23,18,0,29,30,27,34,16,26,21,0,16,31,29,34,29,17,27,0,21,19,17,34,16,21,27,0,16,29,17,34,21,18,20,0,29,27,25,34,20,19,29,0,25,23,21,34,21,29,27,0,29,21,17,34,21,20,29,0,29,25,21,35,7,23,21,5,0,4,30,29,1,35,4,20,22,6,0,5,25,28,6,35,1,17,30,14,0,11,19,22,12,35,15,31,17,1,0,14,20,19,11,35,3,19,28,12,0,7,23,26,8,35,5,21,26,10,0,1,29,31,2,35,13,29,24,8,0,9,21,24,10,35,6,22,18,2,0,6,28,27,3,35,12,28,20,4,0,8,26,25,5,35,11,27,31,15,0,13,17,20,14,35,8,24,19,3,0,10,24,23,7,35,14,30,29,13,0,12,22,21,9,35,16,0,10,26,0,16,0,2,31,35,9,25,27,11,0,15,18,17,13,35,0,16,25,9,0,0,16,18,15,35,2,18,23,7,0,3,27,30,4],"metadata":{"materials":1,"generator":"io_three","normals":32,"uvs":0,"type":"Geometry","vertices":32,"faces":44,"version":3},"normals":[-0.577349,-0.577349,0.577349,-0.816492,0,0.577349,-0.717277,0.297098,0.630238,-0.577349,0.577349,0.577349,-0.717277,-0.297098,0.630238,0,0.816492,0.577349,0.297098,0.717277,0.630238,0.577349,0.577349,0.577349,-0.297098,0.717277,0.630238,0.816492,0,0.577349,0.717277,-0.297098,0.630238,0.577349,-0.577349,0.577349,0.717277,0.297098,0.630238,0,-0.816492,0.577349,-0.297098,-0.717277,0.630238,0.297098,-0.717277,0.630238,-0.577349,-0.577349,-0.577349,0,-0.816492,-0.577349,0.297098,-0.717277,-0.630238,0.577349,-0.577349,-0.577349,-0.297098,-0.717277,-0.630238,0.816492,0,-0.577349,0.717277,0.297098,-0.630238,0.577349,0.577349,-0.577349,0.717277,-0.297098,-0.630238,0,0.816492,-0.577349,-0.297098,0.717277,-0.630238,-0.577349,0.577349,-0.577349,0.297098,0.717277,-0.630238,-0.816492,0,-0.577349,-0.717277,-0.297098,-0.630238,-0.717277,0.297098,-0.630238],"name":"PlaneGeometry.6","uvs":[]}